banco,iedi_mean,positividade,negatividade,posicao
Santander,5.780756655768332,22.0457730032695,15.973843998131715,1.0
Bradesco,5.757681465821001,20.648343904157855,17.441860465116278,2.0
Banco do Brasil,5.6213028764805415,16.34517766497462,18.087986463620982,3.0
Itaú,5.585323417987933,17.24428230672092,13.694401571488704,4.0
Média do Setor,5.686266104014452,19.070894219780723,16.29952312458942,
