trimestre,iedi_mean,positividade,negatividade
4T24,5.723496762257169,81.20259019426457,18.79740980573543
1T25,5.6338513962765955,82.28058510638297,17.71941489361702
2T25,5.270366433216609,70.07253626813407,29.927463731865934
3T25,5.6213028764805415,81.912013536379,18.087986463620982
