{
  "4T24": {
    "total_analyses": 15264,
    "banks": {
      "Banco do Brasil": {
        "volume_total": 5405,
        "iedi_mean": 5.723496762257169,
        "iedi_median": 5.35,
        "iedi_std": 1.3134105816093067,
        "positividade": 81.20259019426457,
        "negatividade": 18.79740980573543,
        "volume_positivo": 4389,
        "volume_negativo": 1016,
        "volume_positivo_titulo": 1094,
        "presenca_positiva_titulo_pct": 24.925951241740716,
        "media_variaveis_positivas": 0.3287764866712235,
        "reach_groups": {
          "A": 79,
          "B": 199,
          "C": 1071,
          "D": 4056
        },
        "_detalhes_sentimento_original": {
          "positivo_original": 906,
          "neutro_original": 3483,
          "negativo_original": 1016
        }
      },
      "Ita\u00fa": {
        "volume_total": 4193,
        "iedi_mean": 5.814357262103505,
        "iedi_median": 5.35,
        "iedi_std": 1.501133532644423,
        "positividade": 74.3381826854281,
        "negatividade": 25.661817314571906,
        "volume_positivo": 3117,
        "volume_negativo": 1076,
        "volume_positivo_titulo": 1053,
        "presenca_positiva_titulo_pct": 33.78248315688162,
        "media_variaveis_positivas": 0.44241257619505936,
        "reach_groups": {
          "A": 65,
          "B": 174,
          "C": 1148,
          "D": 2806
        },
        "_detalhes_sentimento_original": {
          "positivo_original": 663,
          "neutro_original": 2454,
          "negativo_original": 1076
        }
      },
      "Bradesco": {
        "volume_total": 3199,
        "iedi_mean": 5.5225382932166305,
        "iedi_median": 5.35,
        "iedi_std": 1.4385494906255658,
        "positividade": 65.7705532979056,
        "negatividade": 34.22944670209441,
        "volume_positivo": 2104,
        "volume_negativo": 1095,
        "volume_positivo_titulo": 486,
        "presenca_positiva_titulo_pct": 23.098859315589355,
        "media_variaveis_positivas": 0.36406844106463876,
        "reach_groups": {
          "A": 57,
          "B": 159,
          "C": 890,
          "D": 2093
        },
        "_detalhes_sentimento_original": {
          "positivo_original": 469,
          "neutro_original": 1635,
          "negativo_original": 1095
        }
      },
      "Santander": {
        "volume_total": 2467,
        "iedi_mean": 5.723550871503851,
        "iedi_median": 5.35,
        "iedi_std": 1.4635233257057034,
        "positividade": 74.05755978921768,
        "negatividade": 25.942440210782326,
        "volume_positivo": 1827,
        "volume_negativo": 640,
        "volume_positivo_titulo": 432,
        "presenca_positiva_titulo_pct": 23.645320197044335,
        "media_variaveis_positivas": 0.37110016420361247,
        "reach_groups": {
          "A": 70,
          "B": 95,
          "C": 897,
          "D": 1405
        },
        "_detalhes_sentimento_original": {
          "positivo_original": 413,
          "neutro_original": 1414,
          "negativo_original": 640
        }
      }
    },
    "media_setor": {
      "iedi_mean": 5.695985797270288,
      "positividade": 73.84222149170398,
      "negatividade": 26.157778508296015,
      "volume_positivo": 2859.25
    }
  },
  "1T25": {
    "total_analyses": 14124,
    "banks": {
      "Banco do Brasil": {
        "volume_total": 6016,
        "iedi_mean": 5.6338513962765955,
        "iedi_median": 5.35,
        "iedi_std": 1.2773617906961803,
        "positividade": 82.28058510638297,
        "negatividade": 17.71941489361702,
        "volume_positivo": 4950,
        "volume_negativo": 1066,
        "volume_positivo_titulo": 1091,
        "presenca_positiva_titulo_pct": 22.04040404040404,
        "media_variaveis_positivas": 0.28525252525252526,
        "reach_groups": {
          "A": 60,
          "B": 167,
          "C": 1128,
          "D": 4661
        },
        "_detalhes_sentimento_original": {
          "positivo_original": 833,
          "neutro_original": 4117,
          "negativo_original": 1066
        }
      },
      "Ita\u00fa": {
        "volume_total": 3223,
        "iedi_mean": 5.8527614024201045,
        "iedi_median": 5.35,
        "iedi_std": 1.3456392571573552,
        "positividade": 86.99968973006516,
        "negatividade": 13.000310269934841,
        "volume_positivo": 2804,
        "volume_negativo": 419,
        "volume_positivo_titulo": 572,
        "presenca_positiva_titulo_pct": 20.399429386590583,
        "media_variaveis_positivas": 0.31562054208273893,
        "reach_groups": {
          "A": 40,
          "B": 132,
          "C": 870,
          "D": 2181
        },
        "_detalhes_sentimento_original": {
          "positivo_original": 656,
          "neutro_original": 2148,
          "negativo_original": 419
        }
      },
      "Bradesco": {
        "volume_total": 2696,
        "iedi_mean": 5.744065281899109,
        "iedi_median": 5.35,
        "iedi_std": 1.4597265157370982,
        "positividade": 77.8560830860534,
        "negatividade": 22.143916913946587,
        "volume_positivo": 2099,
        "volume_negativo": 597,
        "volume_positivo_titulo": 542,
        "presenca_positiva_titulo_pct": 25.82181991424488,
        "media_variaveis_positivas": 0.3735111958075274,
        "reach_groups": {
          "A": 36,
          "B": 106,
          "C": 601,
          "D": 1953
        },
        "_detalhes_sentimento_original": {
          "positivo_original": 515,
          "neutro_original": 1584,
          "negativo_original": 597
        }
      },
      "Santander": {
        "volume_total": 2189,
        "iedi_mean": 5.805504796710827,
        "iedi_median": 5.35,
        "iedi_std": 1.4288601405594392,
        "positividade": 84.1936957514847,
        "negatividade": 15.806304248515305,
        "volume_positivo": 1843,
        "volume_negativo": 346,
        "volume_positivo_titulo": 399,
        "presenca_positiva_titulo_pct": 21.649484536082475,
        "media_variaveis_positivas": 0.32230059685295714,
        "reach_groups": {
          "A": 43,
          "B": 73,
          "C": 800,
          "D": 1273
        },
        "_detalhes_sentimento_original": {
          "positivo_original": 489,
          "neutro_original": 1354,
          "negativo_original": 346
        }
      }
    },
    "media_setor": {
      "iedi_mean": 5.759045719326659,
      "positividade": 82.83251341849656,
      "negatividade": 17.16748658150344,
      "volume_positivo": 2924.0
    }
  },
  "2T25": {
    "total_analyses": 15709,
    "banks": {
      "Banco do Brasil": {
        "volume_total": 7996,
        "iedi_mean": 5.270366433216609,
        "iedi_median": 5.35,
        "iedi_std": 1.4094251142803977,
        "positividade": 70.07253626813407,
        "negatividade": 29.927463731865934,
        "volume_positivo": 5603,
        "volume_negativo": 2393,
        "volume_positivo_titulo": 808,
        "presenca_positiva_titulo_pct": 14.420845975370336,
        "media_variaveis_positivas": 0.2255934320899518,
        "reach_groups": {
          "A": 160,
          "B": 231,
          "C": 1417,
          "D": 6188
        },
        "_detalhes_sentimento_original": {
          "positivo_original": 1160,
          "neutro_original": 4443,
          "negativo_original": 2393
        }
      },
      "Ita\u00fa": {
        "volume_total": 3324,
        "iedi_mean": 6.015342960288809,
        "iedi_median": 5.35,
        "iedi_std": 1.4254661727017883,
        "positividade": 85.49939831528279,
        "negatividade": 14.500601684717207,
        "volume_positivo": 2842,
        "volume_negativo": 482,
        "volume_positivo_titulo": 966,
        "presenca_positiva_titulo_pct": 33.99014778325123,
        "media_variaveis_positivas": 0.43490499648135117,
        "reach_groups": {
          "A": 41,
          "B": 70,
          "C": 1006,
          "D": 2207
        },