banco,trimestre,iedi_mean,volume_positivo,volume_positivo_titulo,positividade_pct,presenca_positiva_titulo_pct,media_variaveis_positivas
Santander,3T25,5.780756655768332,1799.0,373.0,84.02615600186829,20.733740967204003,0.29961089494163423
Bradesco,3T25,5.757681465821001,2343.0,469.0,82.55813953488372,20.017072129748186,0.2970550576184379
Banco do Brasil,3T25,5.6213028764805415,4841.0,1020.0,81.912013536379,21.070026853955795,0.2701921090683743
Itaú,3T25,5.585323417987933,6151.0,780.0,86.3055984285113,12.680864900016259,0.1775321086002276
Média 3T25,3T25,5.686266104014452,3783.5,660.5,83.70047687541057,18.62542621273106,0.26109754255716855
